year,round_num,driver,team,grid_position,quali_time,is_sprint_weekend,sprint_position,sprint_points,rainfall,track_temp,track_chaos,finish_position,race_points,volatility,teammate_gap_quali_time
2023,1,VER,Red Bull,1.0,89.708,False,,0.0,,,,1.0,25.0,,-0.13800000000000523
2023,1,PER,Red Bull,2.0,89.846,False,,0.0,,,,2.0,18.0,,0.13800000000000523
2023,1,ALO,Aston Martin,5.0,90.336,False,,0.0,,,,3.0,15.0,,-0.5
2023,1,SAI,Ferrari,4.0,90.154,False,,0.0,,,,4.0,12.0,,0.15399999999999636
2023,1,HAM,Mercedes,7.0,90.384,False,,0.0,,,,5.0,10.0,,0.04399999999999693
2023,1,STR,Aston Martin,8.0,90.836,False,,0.0,,,,6.0,8.0,,0.5
2023,1,RUS,Mercedes,6.0,90.34,False,,0.0,,,,7.0,6.0,,-0.04399999999999693
2023,1,BOT,Alfa Romeo,12.0,91.443,False,,0.0,,,,8.0,4.0,,-0.030000000000001137
2023,1,GAS,Alpine F1 Team,20.0,92.181,False,,0.0,,,,9.0,2.0,,1.1970000000000027
2023,1,ALB,Williams,15.0,91.461,False,,0.0,,,,10.0,1.0,,-0.1910000000000025
2023,1,TSU,AlphaTauri,14.0,92.51,False,,0.0,,,,11.0,0.0,,0.38900000000001
2023,1,SAR,Williams,16.0,91.652,False,,0.0,,,,12.0,0.0,,0.1910000000000025
2023,1,MAG,Haas F1 Team,17.0,91.892,False,,0.0,,,,13.0,0.0,,1.0829999999999984
2023,1,DEV,AlphaTauri,19.0,92.121,False,,0.0,,,,14.0,0.0,,-0.38900000000001
2023,1,HUL,Haas F1 Team,10.0,90.809,False,,0.0,,,,15.0,0.0,,-1.0829999999999984
2023,1,ZHO,Alfa Romeo,13.0,91.473,False,,0.0,,,,16.0,0.0,,0.030000000000001137
2023,1,NOR,McLaren,11.0,91.381,False,,0.0,,,,17.0,0.0,,-0.7199999999999989
2023,1,OCO,Alpine F1 Team,9.0,90.984,False,,0.0,,,,18.0,0.0,,-1.1970000000000027
2023,1,LEC,Ferrari,3.0,90.0,False,,0.0,,,,19.0,0.0,,-0.15399999999999636
2023,1,PIA,McLaren,18.0,92.101,False,,0.0,,,,20.0,0.0,,0.7199999999999989
2023,2,PER,Red Bull,1.0,88.265,False,,0.0,,,,1.0,25.0,,-21.688000000000002
2023,2,VER,Red Bull,15.0,109.953,False,,0.0,,,,2.0,19.0,,21.688000000000002
2023,2,ALO,Aston Martin,2.0,88.73,False,,0.0,,,,3.0,15.0,,-0.2149999999999892
2023,2,RUS,Mercedes,3.0,88.857,False,,0.0,,,,4.0,12.0,,-0.36599999999999966
2023,2,HAM,Mercedes,7.0,89.223,False,,0.0,,,,5.0,10.0,,0.36599999999999966
2023,2,SAI,Ferrari,4.0,88.931,False,,0.0,,,,6.0,8.0,,0.5109999999999957
2023,2,LEC,Ferrari,12.0,88.42,False,,0.0,,,,7.0,6.0,,-0.5109999999999957
2023,2,OCO,Alpine F1 Team,6.0,89.078,False,,0.0,,,,8.0,4.0,,-0.27899999999999636
2023,2,GAS,Alpine F1 Team,9.0,89.357,False,,0.0,,,,9.0,2.0,,0.27899999999999636
2023,2,MAG,Haas F1 Team,13.0,89.634,False,,0.0,,,,10.0,1.0,,0.18300000000000693
2023,2,TSU,AlphaTauri,16.0,89.939,False,,0.0,,,,11.0,0.0,,-0.3050000000000068
2023,2,HUL,Haas F1 Team,10.0,89.451,False,,0.0,,,,12.0,0.0,,-0.18300000000000693
2023,2,ZHO,Alfa Romeo,11.0,89.461,False,,0.0,,,,13.0,0.0,,-0.20700000000000784
2023,2,DEV,AlphaTauri,18.0,90.244,False,,0.0,,,,14.0,0.0,,0.3050000000000068
2023,2,PIA,McLaren,8.0,89.243,False,,0.0,,,,15.0,0.0,,-1.2040000000000077
2023,2,SAR,Williams,20.0,128.51,False,,0.0,,,,16.0,0.0,,38.51599999999999
2023,2,NOR,McLaren,19.0,90.447,False,,0.0,,,,17.0,0.0,,1.2040000000000077
2023,2,BOT,Alfa Romeo,14.0,89.668,False,,0.0,,,,18.0,0.0,,0.20700000000000784
2023,2,ALB,Williams,17.0,89.994,False,,0.0,,,,19.0,0.0,,-38.51599999999999
2023,2,STR,Aston Martin,5.0,88.945,False,,0.0,,,,20.0,0.0,,0.2149999999999892
2023,3,VER,Red Bull,1.0,76.732,False,,0.0,,,,1.0,25.0,,
2023,3,HAM,Mercedes,3.0,77.104,False,,0.0,,,,2.0,18.0,,0.13599999999999568
2023,3,ALO,Aston Martin,4.0,77.139,False,,0.0,,,,3.0,15.0,,-0.16900000000001114
2023,3,STR,Aston Martin,6.0,77.308,False,,0.0,,,,4.0,12.0,,0.16900000000001114
2023,3,PER,Red Bull,20.0,,False,,0.0,,,,5.0,11.0,,
2023,3,NOR,McLaren,13.0,78.119,False,,0.0,,,,6.0,8.0,,-0.39799999999999613
2023,3,HUL,Haas F1 Team,10.0,77.735,False,,0.0,,,,7.0,6.0,,-0.39400000000000546
2023,3,PIA,McLaren,16.0,78.517,False,,0.0,,,,8.0,4.0,,0.39799999999999613
2023,3,ZHO,Alfa Romeo,17.0,78.54,False,,0.0,,,,9.0,2.0,,-0.17399999999999238
2023,3,TSU,AlphaTauri,12.0,78.099,False,,0.0,,,,10.0,1.0,,-0.23599999999999
2023,3,BOT,Alfa Romeo,19.0,78.714,False,,0.0,,,,11.0,0.0,,0.17399999999999238
2023,3,SAI,Ferrari,5.0,77.27,False,,0.0,,,,12.0,0.0,,-0.09900000000000375
2023,3,GAS,Alpine F1 Team,9.0,77.675,False,,0.0,,,,13.0,0.0,,-0.09300000000000352
2023,3,OCO,Alpine F1 Team,11.0,77.768,False,,0.0,,,,14.0,0.0,,0.09300000000000352
2023,3,DEV,AlphaTauri,15.0,78.335,False,,0.0,,,,15.0,0.0,,0.23599999999999
2023,3,SAR,Williams,18.0,78.557,False,,0.0,,,,16.0,0.0,,0.9480000000000075
2023,3,MAG,Haas F1 Team,14.0,78.129,False,,0.0,,,,17.0,0.0,,0.39400000000000546
2023,3,RUS,Mercedes,2.0,76.968,False,,0.0,,,,18.0,0.0,,-0.13599999999999568
2023,3,ALB,Williams,8.0,77.609,False,,0.0,,,,19.0,0.0,,-0.9480000000000075
2023,3,LEC,Ferrari,7.0,77.369,False,,0.0,,,,20.0,0.0,,0.09900000000000375
2023,4,PER,Red Bull,3.0,100.495,True,1.0,8.0,,,,1.0,25.0,,0.1039999999999992
2023,4,VER,Red Bull,2.0,100.391,True,3.0,6.0,,,,2.0,18.0,,-0.1039999999999992
2023,4,LEC,Ferrari,1.0,100.203,True,2.0,7.0,,,,3.0,15.0,,-0.8130000000000024
2023,4,ALO,Aston Martin,6.0,101.253,True,6.0,3.0,,,,4.0,12.0,,-0.3580000000000041
2023,4,SAI,Ferrari,4.0,101.016,True,5.0,4.0,,,,5.0,10.0,,0.8130000000000024
2023,4,HAM,Mercedes,5.0,101.177,True,7.0,2.0,,,,6.0,8.0,,-0.47699999999998965
2023,4,STR,Aston Martin,9.0,101.611,True,8.0,1.0,,,,7.0,6.0,,0.3580000000000041
2023,4,RUS,Mercedes,11.0,101.654,True,4.0,5.0,,,,8.0,5.0,,0.47699999999998965
2023,4,NOR,McLaren,7.0,101.281,True,17.0,0.0,,,,9.0,2.0,,-0.3299999999999983
2023,4,TSU,AlphaTauri,8.0,101.581,True,19.0,0.0,,,,10.0,1.0,,-13.700999999999993
2023,4,PIA,McLaren,10.0,101.611,True,10.0,0.0,,,,11.0,0.0,,0.3299999999999983
2023,4,ALB,Williams,12.0,101.818,True,9.0,0.0,,,,12.0,0.0,,-0.5769999999999982
2023,4,MAG,Haas F1 Team,16.0,103.417,True,11.0,0.0,,,,13.0,0.0,,0.6620000000000061
2023,4,GAS,Alpine F1 Team,17.0,104.853,True,13.0,0.0,,,,14.0,0.0,,3.0549999999999926
2023,4,OCO,Alpine F1 Team,19.0,101.798,True,18.0,0.0,,,,15.0,0.0,,-3.0549999999999926
2023,4,SAR,Williams,14.0,102.395,True,20.0,0.0,,,,16.0,0.0,,0.5769999999999982
2023,4,HUL,Haas F1 Team,20.0,102.755,True,15.0,0.0,,,,17.0,0.0,,-0.6620000000000061
2023,4,BOT,Alfa Romeo,13.0,102.259,True,16.0,0.0,,,,18.0,0.0,,-0.38299999999999557
2023,4,ZHO,Alfa Romeo,15.0,102.642,True,12.0,0.0,,,,19.0,0.0,,0.38299999999999557
2023,4,DEV,AlphaTauri,18.0,115.282,True,14.0,0.0,,,,20.0,0.0,,13.700999999999993
2023,5,VER,Red Bull,9.0,86.814,False,,0.0,,,,1.0,26.0,,-0.027000000000001023
2023,5,PER,Red Bull,1.0,86.841,False,,0.0,,,,2.0,18.0,,0.027000000000001023
2023,5,ALO,Aston Martin,2.0,87.202,False,,0.0,,,,3.0,15.0,,-1.274000000000001
2023,5,RUS,Mercedes,6.0,87.804,False,,0.0,,,,4.0,12.0,,-0.17099999999999227
2023,5,SAI,Ferrari,3.0,87.349,False,,0.0,,,,5.0,10.0,,-0.5120000000000005
2023,5,HAM,Mercedes,13.0,87.975,False,,0.0,,,,6.0,8.0,,0.17099999999999227
2023,5,LEC,Ferrari,7.0,87.861,False,,0.0,,,,7.0,6.0,,0.5120000000000005
2023,5,GAS,Alpine F1 Team,5.0,87.786,False,,0.0,,,,8.0,4.0,,-0.1490000000000009
2023,5,OCO,Alpine F1 Team,8.0,87.935,False,,0.0,,,,9.0,2.0,,0.1490000000000009
2023,5,MAG,Haas F1 Team,4.0,87.767,False,,0.0,,,,10.0,1.0,,-0.1360000000000099
2023,5,TSU,AlphaTauri,17.0,88.429,False,,0.0,,,,11.0,0.0,,0.034000000000006025
2023,5,STR,Aston Martin,18.0,88.476,False,,0.0,,,,12.0,0.0,,1.274000000000001
2023,5,BOT,Alfa Romeo,10.0,87.564,False,,0.0,,,,13.0,0.0,,-0.527000000000001
2023,5,ALB,Williams,11.0,87.795,False,,0.0,,,,14.0,0.0,,-0.7819999999999965
2023,5,HUL,Haas F1 Team,12.0,87.903,False,,0.0,,,,15.0,0.0,,0.1360000000000099
2023,5,ZHO,Alfa Romeo,14.0,88.091,False,,0.0,,,,16.0,0.0,,0.527000000000001
2023,5,NOR,McLaren,16.0,88.394,False,,0.0,,,,17.0,0.0,,-0.0899999999999892
2023,5,DEV,AlphaTauri,15.0,88.395,False,,0.0,,,,18.0,0.0,,-0.034000000000006025
2023,5,PIA,McLaren,19.0,88.484,False,,0.0,,,,19.0,0.0,,0.0899999999999892
2023,5,SAR,Williams,20.0,88.577,False,,0.0,,,,20.0,0.0,,0.7819999999999965
2023,6,VER,Red Bull,1.0,71.365,False,,0.0,,,,1.0,25.0,0.5477225575051661,-2.4849999999999994
2023,6,ALO,Aston Martin,2.0,71.449,False,,0.0,,,,2.0,18.0,0.4472135954999579,-1.1740000000000066
2023,6,OCO,Alpine F1 Team,3.0,71.553,False,,0.0,,,,3.0,15.0,4.207136793592526,-0.38000000000000966
2023,6,HAM,Mercedes,5.0,71.725,False,,0.0,,,,4.0,13.0,1.6431676725154984,-0.23900000000000432
2023,6,RUS,Mercedes,8.0,71.964,False,,0.0,,,,5.0,10.0,5.761944116355173,0.23900000000000432
2023,6,LEC,Ferrari,6.0,71.471,False,,0.0,,,,6.0,8.0,7.758865896508329,-0.15899999999999181
2023,6,GAS,Alpine F1 Team,7.0,71.933,False,,0.0,,,,7.0,6.0,2.701851217221259,0.38000000000000966
2023,6,SAI,Ferrari,4.0,71.63,False,,0.0,,,,8.0,4.0,3.2093613071762426,0.15899999999999181
2023,6,NOR,McLaren,10.0,72.254,False,,0.0,,,,9.0,2.0,5.310367218940701,-0.14099999999999113
2023,6,PIA,McLaren,11.0,72.395,False,,0.0,,,,10.0,1.0,5.128352561983234,0.14099999999999113
2023,6,BOT,Alfa Romeo,15.0,72.625,False,,0.0,,,,11.0,0.0,4.39317652729776,-0.8979999999999961
2023,6,DEV,AlphaTauri,12.0,72.428,False,,0.0,,,,12.0,0.0,2.6832815729997477,0.34600000000000364
2023,6,ZHO,Alfa Romeo,19.0,73.523,False,,0.0,,,,13.0,0.0,3.7815340802378077,0.8979999999999961
2023,6,ALB,Williams,13.0,72.527,False,,0.0,,,,14.0,0.0,4.08656334834051,-0.5859999999999985
2023,6,TSU,AlphaTauri,9.0,72.082,False,,0.0,,,,15.0,0.0,0.547722557505166,-0.34600000000000364
2023,6,PER,Red Bull,20.0,73.85,False,,0.0,,,,16.0,0.0,1.6431676725154984,2.4849999999999994
2023,6,HUL,Haas F1 Team,18.0,73.279,False,,0.0,,,,17.0,0.0,3.898717737923586,0.009000000000000341
2023,6,SAR,Williams,16.0,73.113,False,,0.0,,,,18.0,0.0,2.8284271247461903,0.5859999999999985
2023,6,MAG,Haas F1 Team,17.0,73.27,False,,0.0,,,,19.0,0.0,2.8809720581775866,-0.009000000000000341
2023,6,STR,Aston Martin,14.0,72.623,False,,0.0,,,,20.0,0.0,6.418722614352485,1.1740000000000066
2023,7,VER,Red Bull,1.0,72.272,False,,0.0,,,,1.0,26.0,0.5477225575051661,-1.0619999999999976
2023,7,HAM,Mercedes,4.0,72.818,False,,0.0,,,,2.0,18.0,1.6733200530681511,-0.6290000000000049
2023,7,RUS,Mercedes,12.0,73.447,False,,0.0,,,,3.0,15.0,5.93295878967653,0.6290000000000049
2023,7,PER,Red Bull,11.0,73.334,False,,0.0,,,,4.0,12.0,6.363961030678928,1.0619999999999976
2023,7,SAI,Ferrari,2.0,72.734,False,,0.0,,,,5.0,10.0,2.949576240750525,-1.3449999999999989
2023,7,STR,Aston Martin,5.0,72.994,False,,0.0,,,,6.0,8.0,7.334848328356899,-0.5130000000000052
2023,7,ALO,Aston Martin,8.0,73.507,False,,0.0,,,,7.0,6.0,0.7071067811865476,0.5130000000000052
2023,7,OCO,Alpine F1 Team,6.0,73.083,False,,0.0,,,,8.0,4.0,4.868264577855235,0.2669999999999959
2023,7,ZHO,Alfa Romeo,13.0,73.521,False,,0.0,,,,9.0,2.0,3.7416573867739413,-0.45600000000000307
2023,7,GAS,Alpine F1 Team,10.0,72.816,False,,0.0,,,,10.0,1.0,3.1144823004794873,-0.2669999999999959
2023,7,LEC,Ferrari,19.0,74.079,False,,0.0,,,,11.0,0.0,6.58027355054484,1.3449999999999989
2023,7,TSU,AlphaTauri,15.0,74.477,False,,0.0,,,,12.0,0.0,2.073644135332772,0.39400000000000546
2023,7,PIA,McLaren,9.0,73.682,False,,0.0,,,,13.0,0.0,4.39317652729776,0.8900000000000006
2023,7,DEV,AlphaTauri,14.0,74.083,False,,0.0,,,,14.0,0.0,3.1937438845342627,-0.39400000000000546
2023,7,HUL,Haas F1 Team,7.0,73.229,False,,0.0,,,,15.0,0.0,4.219004621945797,-0.8130000000000024
2023,7,ALB,Williams,18.0,74.063,False,,0.0,,,,16.0,0.0,3.209361307176242,-0.6359999999999957
2023,7,NOR,McLaren,3.0,72.792,False,,0.0,,,,17.0,0.0,5.079370039680118,-0.8900000000000006
2023,7,MAG,Haas F1 Team,17.0,74.042,False,,0.0,,,,18.0,0.0,4.086563348340509,0.8130000000000024
2023,7,BOT,Alfa Romeo,16.0,73.977,False,,0.0,,,,19.0,0.0,3.5637059362410923,0.45600000000000307
2023,7,SAR,Williams,20.0,74.699,False,,0.0,,,,20.0,0.0,1.7888543819998317,0.6359999999999957
2023,8,VER,Red Bull,1.0,85.858,False,,0.0,,,,1.0,25.0,0.44721359549995787,4.899000000000001
2023,8,ALO,Aston Martin,2.0,87.286,False,,0.0,,,,2.0,18.0,1.9235384061671346,5.802000000000007
2023,8,HAM,Mercedes,3.0,87.627,False,,0.0,,,,3.0,15.0,2.0,-0.26600000000000534
2023,8,LEC,Ferrari,10.0,80.615,False,,0.0,,,,4.0,12.0,6.58027355054484,-8.679000000000002
2023,8,SAI,Ferrari,11.0,89.294,False,,0.0,,,,5.0,10.0,3.082207001484488,8.679000000000002
2023,8,PER,Red Bull,12.0,80.959,False,,0.0,,,,6.0,9.0,6.024948132556827,-4.899000000000001
2023,8,ALB,Williams,9.0,78.725,False,,0.0,,,,7.0,6.0,2.64575131106459,-4.612000000000009
2023,8,OCO,Alpine F1 Team,6.0,87.945,False,,0.0,,,,8.0,4.0,4.868264577855235,5.0589999999999975
2023,8,STR,Aston Martin,16.0,81.484,False,,0.0,,,,9.0,2.0,6.418722614352485,-5.802000000000007
2023,8,BOT,Alfa Romeo,14.0,81.821,False,,0.0,,,,10.0,1.0,3.847076812334269,-1.5210000000000008
2023,8,PIA,McLaren,8.0,91.349,False,,0.0,,,,11.0,0.0,4.207136793592526,3.3029999999999973
2023,8,GAS,Alpine F1 Team,15.0,82.886,False,,0.0,,,,12.0,0.0,3.0495901363953815,-5.0589999999999975
2023,8,NOR,McLaren,7.0,88.046,False,,0.0,,,,13.0,0.0,5.079370039680118,-3.3029999999999973
2023,8,TSU,AlphaTauri,19.0,82.746,False,,0.0,,,,14.0,0.0,2.073644135332772,-0.39100000000000534
2023,8,HUL,Haas F1 Team,5.0,87.102,False,,0.0,,,,15.0,0.0,4.147288270665544,5.424000000000007
2023,8,ZHO,Alfa Romeo,20.0,83.342,False,,0.0,,,,16.0,0.0,4.381780460041329,1.5210000000000008
2023,8,MAG,Haas F1 Team,13.0,81.678,False,,0.0,,,,17.0,0.0,3.7815340802378064,-5.424000000000007
2023,8,DEV,AlphaTauri,17.0,83.137,False,,0.0,,,,18.0,0.0,3.1937438845342627,0.39100000000000534
2023,8,RUS,Mercedes,4.0,87.893,False,,0.0,,,,19.0,0.0,6.107372593840988,0.26600000000000534
2023,8,SAR,Williams,18.0,83.337,False,,0.0,,,,20.0,0.0,2.0,4.612000000000009
2023,9,VER,Red Bull,1.0,64.391,True,1.0,8.0,,,,1.0,26.0,0.44721359549995787,-62.297
2023,9,LEC,Ferrari,2.0,64.439,True,12.0,0.0,,,,2.0,18.0,3.1144823004794873,-0.14200000000001012
2023,9,PER,Red Bull,15.0,126.688,True,2.0,7.0,,,,3.0,15.0,6.016643582596529,62.297
2023,9,NOR,McLaren,4.0,64.658,True,9.0,0.0,,,,4.0,12.0,4.0,-0.9470000000000027
2023,9,ALO,Aston Martin,7.0,64.911,True,5.0,4.0,,,,5.0,10.0,2.073644135332772,0.018000000000000682
2023,9,SAI,Ferrari,3.0,64.581,True,3.0,6.0,,,,6.0,8.0,1.3416407864998738,0.14200000000001012
2023,9,RUS,Mercedes,11.0,65.428,True,8.0,1.0,,,,7.0,6.0,6.534523701081816,0.6089999999999947
2023,9,HAM,Mercedes,5.0,64.819,True,10.0,0.0,,,,8.0,4.0,1.7888543819998317,-0.6089999999999947
2023,9,STR,Aston Martin,6.0,64.893,True,4.0,5.0,,,,9.0,2.0,5.630275304103699,-0.018000000000000682
2023,9,GAS,Alpine F1 Team,9.0,65.17,True,15.0,0.0,,,,10.0,1.0,2.863564212655271,-0.28300000000000125
2023,9,ALB,Williams,10.0,65.823,True,13.0,0.0,,,,11.0,0.0,3.435112807463533,-0.125
2023,9,ZHO,Alfa Romeo,17.0,65.818,True,19.0,0.0,,,,12.0,0.0,3.7815340802378077,0.13799999999999102
2023,9,SAR,Williams,18.0,65.948,True,18.0,0.0,,,,13.0,0.0,1.7888543819998317,0.125
2023,9,OCO,Alpine F1 Team,12.0,65.453,True,7.0,2.0,,,,14.0,0.0,4.277849927241488,0.28300000000000125
2023,9,BOT,Alfa Romeo,14.0,65.68,True,20.0,0.0,,,,15.0,0.0,4.08656334834051,-0.13799999999999102
2023,9,PIA,McLaren,13.0,65.605,True,11.0,0.0,,,,16.0,0.0,3.6331804249169903,0.9470000000000027
2023,9,DEV,AlphaTauri,20.0,65.974,True,17.0,0.0,,,,17.0,0.0,3.2863353450309973,0.18999999999999773
2023,9,MAG,Haas F1 Team,19.0,65.971,True,14.0,0.0,,,,18.0,0.0,3.7815340802378064,0.8810000000000002
2023,9,TSU,AlphaTauri,16.0,65.784,True,16.0,0.0,,,,19.0,0.0,2.073644135332772,-0.18999999999999773
2023,9,HUL,Haas F1 Team,8.0,65.09,True,6.0,3.0,,,,20.0,0.0,1.0954451150103324,-0.8810000000000002
2023,10,VER,Red Bull,1.0,86.72,False,,0.0,,,,1.0,26.0,0.0,-3.2480000000000047
2023,10,NOR,McLaren,2.0,86.961,False,,0.0,,,,2.0,18.0,5.5677643628300215,-0.13100000000000023
2023,10,HAM,Mercedes,7.0,87.211,False,,0.0,,,,3.0,15.0,2.4083189157584592,0.055999999999997385
2023,10,PIA,McLaren,3.0,87.092,False,,0.0,,,,4.0,12.0,3.7013511046643495,0.13100000000000023
2023,10,RUS,Mercedes,6.0,87.155,False,,0.0,,,,5.0,10.0,6.542170893518449,-0.055999999999997385
2023,10,PER,Red Bull,15.0,89.968,False,,0.0,,,,6.0,8.0,5.674504383644443,3.2480000000000047
2023,10,ALO,Aston Martin,9.0,87.659,False,,0.0,,,,7.0,6.0,2.16794833886788,-1.2759999999999962
2023,10,ALB,Williams,8.0,87.53,False,,0.0,,,,8.0,4.0,3.5071355833500357,-1.5010000000000048
2023,10,LEC,Ferrari,4.0,87.136,False,,0.0,,,,9.0,2.0,3.391164991562634,-0.012000000000000455
2023,10,SAI,Ferrari,5.0,87.148,False,,0.0,,,,10.0,1.0,1.3038404810405297,0.012000000000000455
2023,10,SAR,Williams,14.0,89.031,False,,0.0,,,,11.0,0.0,3.03315017762062,1.5010000000000048
2023,10,BOT,Alfa Romeo,20.0,89.798,False,,0.0,,,,12.0,0.0,3.5777087639996634,-0.32500000000000284
2023,10,HUL,Haas F1 Team,11.0,88.896,False,,0.0,,,,13.0,0.0,2.190890230020665,-3.4819999999999993
2023,10,STR,Aston Martin,12.0,88.935,False,,0.0,,,,14.0,0.0,5.357238094391549,1.2759999999999962
2023,10,ZHO,Alfa Romeo,17.0,90.123,False,,0.0,,,,15.0,0.0,2.949576240750525,0.32500000000000284
2023,10,TSU,AlphaTauri,16.0,90.025,False,,0.0,,,,16.0,0.0,3.1144823004794877,-0.48799999999999955
2023,10,DEV,AlphaTauri,18.0,90.513,False,,0.0,,,,17.0,0.0,2.683281572999748,0.48799999999999955
2023,10,GAS,Alpine F1 Team,10.0,87.689,False,,0.0,,,,18.0,0.0,1.9493588689617927,-1.2670000000000101
2023,10,MAG,Haas F1 Team,19.0,92.378,False,,0.0,,,,19.0,0.0,3.646916505762093,3.4819999999999993
2023,10,OCO,Alpine F1 Team,13.0,88.956,False,,0.0,,,,20.0,0.0,3.9115214431215897,1.2670000000000101
2023,11,VER,Red Bull,2.0,76.612,False,,0.0,,,,1.0,26.0,0.0,-0.43300000000000693
2023,11,NOR,McLaren,3.0,76.694,False,,0.0,,,,2.0,18.0,6.2048368229954285,-0.21099999999999852
2023,11,PER,Red Bull,9.0,77.045,False,,0.0,,,,3.0,15.0,5.196152422706632,0.43300000000000693
2023,11,HAM,Mercedes,1.0,76.609,False,,0.0,,,,4.0,12.0,2.345207879911715,-2.4180000000000064
2023,11,PIA,McLaren,4.0,76.905,False,,0.0,,,,5.0,10.0,4.43846820423443,0.21099999999999852
2023,11,RUS,Mercedes,18.0,79.027,False,,0.0,,,,6.0,8.0,6.418722614352484,2.4180000000000064
2023,11,LEC,Ferrari,6.0,76.992,False,,0.0,,,,7.0,6.0,3.646916505762094,-0.7109999999999985
2023,11,SAI,Ferrari,11.0,77.703,False,,0.0,,,,8.0,4.0,2.16794833886788,0.7109999999999985
2023,11,ALO,Aston Martin,8.0,77.035,False,,0.0,,,,9.0,2.0,2.5099800796022267,-1.1090000000000089
2023,11,STR,Aston Martin,14.0,78.144,False,,0.0,,,,10.0,1.0,5.504543577809154,1.1090000000000089
2023,11,ALB,Williams,16.0,78.917,False,,0.0,,,,11.0,0.0,3.8340579025361623,-0.33100000000000307
2023,11,BOT,Alfa Romeo,7.0,77.034,False,,0.0,,,,12.0,0.0,3.6469165057620936,0.06300000000000239
2023,11,RIC,AlphaTauri,13.0,78.002,False,,0.0,,,,13.0,0.0,,-0.9170000000000016
2023,11,HUL,Haas F1 Team,10.0,77.186,False,,0.0,,,,14.0,0.0,2.645751311064591,-2.019999999999996
2023,11,TSU,AlphaTauri,17.0,78.919,False,,0.0,,,,15.0,0.0,2.5884358211089573,0.9170000000000016
2023,11,ZHO,Alfa Romeo,5.0,76.971,False,,0.0,,,,16.0,0.0,2.73861278752583,-0.06300000000000239
2023,11,MAG,Haas F1 Team,19.0,79.206,False,,0.0,,,,17.0,0.0,0.8366600265340736,2.019999999999996
2023,11,SAR,Williams,20.0,79.248,False,,0.0,,,,18.0,0.0,4.159326868617084,0.33100000000000307
2023,11,OCO,Alpine F1 Team,12.0,77.841,False,,0.0,,,,19.0,0.0,6.542170893518451,-0.3760000000000048
2023,11,GAS,Alpine F1 Team,15.0,78.217,False,,0.0,,,,20.0,0.0,4.098780306383839,0.3760000000000048
2023,12,VER,Red Bull,6.0,106.168,True,1.0,8.0,,,,1.0,25.0,0.0,-0.8769999999999953
2023,12,PER,Red Bull,2.0,107.045,True,19.0,0.0,,,,2.0,18.0,1.5165750888103113,0.8769999999999953
2023,12,LEC,Ferrari,1.0,106.988,True,5.0,4.0,,,,3.0,15.0,3.646916505762094,-0.16400000000000148
2023,12,HAM,Mercedes,3.0,107.087,True,7.0,2.0,,,,4.0,13.0,2.345207879911715,-0.7180000000000035
2023,12,ALO,Aston Martin,9.0,107.843,True,20.0,0.0,,,,5.0,10.0,2.6457513110645907,-0.9979999999999905
2023,12,RUS,Mercedes,8.0,107.805,True,8.0,1.0,,,,6.0,8.0,6.324555320336757,0.7180000000000035
2023,12,NOR,McLaren,7.0,107.669,True,6.0,3.0,,,,7.0,6.0,6.9498201415576215,0.30400000000000205
2023,12,OCO,Alpine F1 Team,14.0,116.372,True,9.0,0.0,,,,8.0,4.0,5.761944116355173,2.7009999999999934
2023,12,STR,Aston Martin,10.0,108.841,True,11.0,0.0,,,,9.0,2.0,2.8809720581775866,0.9979999999999905
2023,12,TSU,AlphaTauri,11.0,113.148,True,18.0,0.0,,,,10.0,1.0,2.5884358211089573,-9.01100000000001
2023,12,GAS,Alpine F1 Team,12.0,113.671,True,3.0,6.0,,,,11.0,0.0,4.690415759823429,-2.7009999999999934
2023,12,BOT,Alfa Romeo,13.0,114.694,True,13.0,0.0,,,,12.0,0.0,3.507135583350036,-6.137999999999991
2023,12,ZHO,Alfa Romeo,17.0,120.832,True,15.0,0.0,,,,13.0,0.0,3.049590136395381,6.137999999999991
2023,12,ALB,Williams,15.0,120.314,True,12.0,0.0,,,,14.0,0.0,3.5071355833500357,-1.2210000000000036
2023,12,MAG,Haas F1 Team,16.0,114.16,True,14.0,0.0,,,,15.0,0.0,0.8366600265340736,-9.006
2023,12,RIC,AlphaTauri,19.0,122.159,True,10.0,0.0,,,,16.0,0.0,,9.01100000000001
2023,12,SAR,Williams,18.0,121.535,True,16.0,0.0,,,,17.0,0.0,4.159326868617084,1.2210000000000036
2023,12,HUL,Haas F1 Team,20.0,123.166,True,17.0,0.0,,,,18.0,0.0,2.7018512172212596,9.006
2023,12,SAI,Ferrari,4.0,107.152,True,4.0,5.0,,,,19.0,0.0,2.16794833886788,0.16400000000000148
2023,12,PIA,McLaren,5.0,107.365,True,2.0,7.0,,,,20.0,0.0,5.167204273105526,-0.30400000000000205
2023,13,VER,Red Bull,1.0,70.567,False,,0.0,,,,1.0,25.0,0.0,-1.3130000000000024
2023,13,ALO,Aston Martin,5.0,71.506,False,,0.0,,,,2.0,19.0,2.6076809620810595,-8.614999999999995
2023,13,GAS,Alpine F1 Team,12.0,80.128,False,,0.0,,,,3.0,15.0,4.4944410108488455,-1.9819999999999993
2023,13,PER,Red Bull,7.0,71.88,False,,0.0,,,,4.0,12.0,1.8708286933869716,1.3130000000000024
2023,13,SAI,Ferrari,6.0,71.754,False,,0.0,,,,5.0,10.0,5.594640292279746,-0.9110000000000014
2023,13,HAM,Mercedes,13.0,80.151,False,,0.0,,,,6.0,8.0,2.0736441353327724,8.857
2023,13,NOR,McLaren,2.0,71.104,False,,0.0,,,,7.0,6.0,4.61519230368573,-0.8340000000000032
2023,13,ALB,Williams,4.0,71.419,False,,0.0,,,,8.0,4.0,2.774887385102321,-5.329000000000008
2023,13,PIA,McLaren,8.0,71.938,False,,0.0,,,,9.0,2.0,6.906518659932803,0.8340000000000032
2023,13,OCO,Alpine F1 Team,16.0,82.11,False,,0.0,,,,10.0,1.0,5.761944116355173,1.9819999999999993
2023,13,STR,Aston Martin,11.0,80.121,False,,0.0,,,,11.0,0.0,2.1679483388678804,8.614999999999995
2023,13,HUL,Haas F1 Team,14.0,80.25,False,,0.0,,,,12.0,0.0,2.915475947422651,-1.941999999999993
2023,13,LAW,AlphaTauri,19.0,83.42,False,,0.0,,,,13.0,0.0,,3.1899999999999977
2023,13,BOT,Alfa Romeo,18.0,82.26,False,,0.0,,,,14.0,0.0,1.7888543819998308,0.19300000000001205
2023,13,TSU,AlphaTauri,17.0,80.23,False,,0.0,,,,15.0,0.0,3.271085446759226,-3.1899999999999977
2023,13,MAG,Haas F1 Team,0.0,82.192,False,,0.0,,,,16.0,0.0,1.4832396974191313,1.941999999999993
2023,13,RUS,Mercedes,3.0,71.294,False,,0.0,,,,17.0,0.0,5.856620185738527,-8.857
2023,13,ZHO,Alfa Romeo,15.0,82.067,False,,0.0,,,,18.0,0.0,1.8165902124584947,-0.19300000000001205
2023,13,LEC,Ferrari,9.0,72.665,False,,0.0,,,,19.0,0.0,2.9154759474226504,0.9110000000000014
2023,13,SAR,Williams,10.0,76.748,False,,0.0,,,,20.0,0.0,3.7013511046643486,5.329000000000008
2023,14,VER,Red Bull,2.0,80.307,False,,0.0,,,,1.0,25.0,0.0,-0.3810000000000002
2023,14,PER,Red Bull,5.0,80.688,False,,0.0,,,,2.0,18.0,1.5165750888103113,0.3810000000000002
2023,14,SAI,Ferrari,1.0,80.294,False,,0.0,,,,3.0,15.0,5.594640292279746,-0.06700000000000728
2023,14,LEC,Ferrari,3.0,80.361,False,,0.0,,,,4.0,12.0,6.782329983125268,0.06700000000000728
2023,14,RUS,Mercedes,4.0,80.671,False,,0.0,,,,5.0,10.0,4.969909455915669,-0.1489999999999867
2023,14,HAM,Mercedes,8.0,80.82,False,,0.0,,,,6.0,8.0,2.0,0.1489999999999867
2023,14,ALB,Williams,6.0,80.76,False,,0.0,,,,7.0,6.0,2.5099800796022262,-1.1839999999999975
2023,14,NOR,McLaren,9.0,80.979,False,,0.0,,,,8.0,4.0,2.5099800796022262,0.19400000000000261
2023,14,ALO,Aston Martin,10.0,81.417,False,,0.0,,,,9.0,2.0,2.6076809620810595,-1.4429999999999978
2023,14,BOT,Alfa Romeo,14.0,81.94,False,,0.0,,,,10.0,1.0,1.414213562373094,-0.45000000000000284
2023,14,LAW,AlphaTauri,12.0,81.758,False,,0.0,,,,11.0,0.0,,0.16400000000000148
2023,14,PIA,McLaren,7.0,80.785,False,,0.0,,,,12.0,0.0,6.978538528947161,-0.19400000000000261
2023,14,SAR,Williams,15.0,81.944,False,,0.0,,,,13.0,0.0,3.7013511046643486,1.1839999999999975
2023,14,ZHO,Alfa Romeo,16.0,82.39,False,,0.0,,,,14.0,0.0,2.3874672772626644,0.45000000000000284
2023,14,GAS,Alpine F1 Team,17.0,82.545,False,,0.0,,,,15.0,0.0,6.8044103344816,-0.0030000000000001137
2023,14,STR,Aston Martin,20.0,82.86,False,,0.0,,,,16.0,0.0,2.0736441353327724,1.4429999999999978
2023,14,HUL,Haas F1 Team,13.0,81.776,False,,0.0,,,,17.0,0.0,3.4351128074635344,-0.8160000000000025
2023,14,MAG,Haas F1 Team,19.0,82.592,False,,0.0,,,,18.0,0.0,1.5811388300841887,0.8160000000000025
2023,14,OCO,Alpine F1 Team,18.0,82.548,False,,0.0,,,,19.0,0.0,5.310367218940701,0.0030000000000001137
2023,14,TSU,AlphaTauri,11.0,81.594,False,,0.0,,,,20.0,0.0,3.2403703492039306,-0.16400000000000148
2023,15,SAI,Ferrari,1.0,90.984,False,,0.0,,,,1.0,25.0,6.2048368229954285,-0.07900000000000773
2023,15,NOR,McLaren,4.0,91.27,False,,0.0,,,,2.0,18.0,2.949576240750525,-1.632000000000005
2023,15,HAM,Mercedes,5.0,91.485,False,,0.0,,,,3.0,16.0,1.3416407864998738,0.42900000000000205
2023,15,LEC,Ferrari,3.0,91.063,False,,0.0,,,,4.0,12.0,6.387487769068525,0.07900000000000773
2023,15,VER,Red Bull,11.0,92.173,False,,0.0,,,,5.0,10.0,0.0,-0.13700000000000045
2023,15,GAS,Alpine F1 Team,12.0,92.274,False,,0.0,,,,6.0,8.0,6.730527468185536,0.6009999999999991
2023,15,PIA,McLaren,17.0,92.902,False,,0.0,,,,7.0,6.0,6.442049363362563,1.632000000000005
2023,15,PER,Red Bull,13.0,92.31,False,,0.0,,,,8.0,4.0,1.673320053068152,0.13700000000000045
2023,15,LAW,AlphaTauri,10.0,92.268,False,,0.0,,,,9.0,2.0,,0.277000000000001
2023,15,MAG,Haas F1 Team,6.0,91.575,False,,0.0,,,,10.0,1.0,1.5811388300841887,-0.2330000000000041
2023,15,ALB,Williams,14.0,93.719,False,,0.0,,,,11.0,0.0,2.880972058177586,0.46699999999999875
2023,15,ZHO,Alfa Romeo,19.0,93.258,False,,0.0,,,,12.0,0.0,1.9235384061671341,0.44899999999999807
2023,15,HUL,Haas F1 Team,9.0,91.808,False,,0.0,,,,13.0,0.0,2.5884358211089578,0.2330000000000041
2023,15,SAR,Williams,18.0,93.252,False,,0.0,,,,14.0,0.0,3.701351104664349,-0.46699999999999875
2023,15,ALO,Aston Martin,7.0,91.615,False,,0.0,,,,15.0,0.0,2.9664793948382653,-1.7820000000000107
2023,15,RUS,Mercedes,2.0,91.056,False,,0.0,,,,16.0,0.0,5.167204273105524,-0.42900000000000205
2023,15,BOT,Alfa Romeo,16.0,92.809,False,,0.0,,,,17.0,0.0,1.414213562373094,-0.44899999999999807
2023,15,OCO,Alpine F1 Team,8.0,91.673,False,,0.0,,,,18.0,0.0,5.718391382198319,-0.6009999999999991
2023,15,TSU,AlphaTauri,15.0,91.991,False,,0.0,,,,19.0,0.0,3.5637059362410928,-0.277000000000001
2023,15,STR,Aston Martin,0.0,93.397,False,,0.0,,,,20.0,0.0,2.9154759474226504,1.7820000000000107
2023,16,VER,Red Bull,1.0,88.877,False,,0.0,,,,1.0,26.0,1.7888543819998317,-0.7730000000000103
2023,16,NOR,McLaren,3.0,89.493,False,,0.0,,,,2.0,18.0,2.949576240750525,0.03499999999999659
2023,16,PIA,McLaren,2.0,89.458,False,,0.0,,,,3.0,15.0,5.856620185738529,-0.03499999999999659
2023,16,LEC,Ferrari,4.0,89.542,False,,0.0,,,,4.0,12.0,6.6558245169174945,-0.3079999999999927
2023,16,HAM,Mercedes,7.0,89.908,False,,0.0,,,,5.0,10.0,1.3416407864998738,-0.31099999999999284
2023,16,SAI,Ferrari,6.0,89.85,False,,0.0,,,,6.0,8.0,7.085195833567341,0.3079999999999927
2023,16,RUS,Mercedes,8.0,90.219,False,,0.0,,,,7.0,6.0,5.958187643906491,0.31099999999999284
2023,16,ALO,Aston Martin,10.0,90.56,False,,0.0,,,,8.0,4.0,4.898979485566356,-0.6209999999999951
2023,16,OCO,Alpine F1 Team,14.0,90.586,False,,0.0,,,,9.0,2.0,5.357238094391549,0.07699999999999818
2023,16,GAS,Alpine F1 Team,12.0,90.509,False,,0.0,,,,10.0,1.0,6.819090848492928,-0.07699999999999818
2023,16,LAW,AlphaTauri,11.0,90.508,False,,0.0,,,,11.0,0.0,,0.2049999999999983
2023,16,TSU,AlphaTauri,9.0,90.303,False,,0.0,,,,12.0,0.0,3.9623225512317903,-0.2049999999999983
2023,16,ZHO,Alfa Romeo,19.0,91.398,False,,0.0,,,,13.0,0.0,2.408318915758459,0.34899999999998954
2023,16,HUL,Haas F1 Team,18.0,91.299,False,,0.0,,,,14.0,0.0,2.5884358211089578,0.6340000000000003
2023,16,MAG,Haas F1 Team,15.0,90.665,False,,0.0,,,,15.0,0.0,3.114482300479487,-0.6340000000000003
2023,16,ALB,Williams,13.0,90.537,False,,0.0,,,,16.0,0.0,2.7748873851023212,
2023,16,SAR,Williams,20.0,,False,,0.0,,,,17.0,0.0,2.8809720581775857,
2023,16,STR,Aston Martin,17.0,91.181,False,,0.0,,,,18.0,0.0,4.658325879540847,0.6209999999999951
2023,16,PER,Red Bull,5.0,89.65,False,,0.0,,,,19.0,0.0,2.4899799195977472,0.7730000000000103
2023,16,BOT,Alfa Romeo,16.0,91.049,False,,0.0,,,,20.0,0.0,2.6457513110645903,-0.34899999999998954
2023,17,VER,Red Bull,1.0,83.778,True,2.0,7.0,,,,1.0,26.0,1.7888543819998317,-1.6839999999999975
2023,17,PIA,McLaren,6.0,84.54,True,1.0,8.0,,,,2.0,18.0,6.3796551630946325,-0.14499999999999602
2023,17,NOR,McLaren,10.0,84.685,True,3.0,6.0,,,,3.0,15.0,2.949576240750525,0.14499999999999602
2023,17,RUS,Mercedes,2.0,84.219,True,4.0,5.0,,,,4.0,12.0,5.805170109479996,-0.08600000000001273
2023,17,LEC,Ferrari,5.0,84.424,True,12.0,0.0,,,,5.0,10.0,6.833739825307955,-0.9039999999999964
2023,17,ALO,Aston Martin,4.0,84.369,True,8.0,1.0,,,,6.0,8.0,4.868264577855234,-1.975999999999999
2023,17,OCO,Alpine F1 Team,8.0,84.763,True,17.0,0.0,,,,7.0,6.0,5.263078946776307,0.21000000000000796
2023,17,BOT,Alfa Romeo,9.0,85.058,True,10.0,0.0,,,,8.0,4.0,3.974921382870358,-2.3739999999999952
2023,17,ZHO,Alfa Romeo,19.0,87.432,True,15.0,0.0,,,,9.0,2.0,2.3452078799117144,2.3739999999999952
2023,17,PER,Red Bull,20.0,85.462,True,18.0,0.0,,,,10.0,1.0,7.14142842854285,1.6839999999999975
2023,17,STR,Aston Martin,16.0,86.345,True,13.0,0.0,,,,11.0,0.0,4.658325879540847,1.975999999999999
2023,17,GAS,Alpine F1 Team,7.0,84.553,True,9.0,0.0,,,,12.0,0.0,4.636809247747852,-0.21000000000000796
2023,17,ALB,Williams,13.0,85.707,True,7.0,2.0,,,,13.0,0.0,3.8340579025361627,-0.5030000000000001
2023,17,MAG,Haas F1 Team,18.0,87.046,True,14.0,0.0,,,,14.0,0.0,2.949576240750524,1.2630000000000052
2023,17,TSU,AlphaTauri,11.0,85.301,True,11.0,0.0,,,,15.0,0.0,4.324349662087931,-1.3340000000000032
2023,17,HUL,Haas F1 Team,14.0,85.783,True,16.0,0.0,,,,16.0,0.0,2.5884358211089578,-1.2630000000000052
2023,17,LAW,AlphaTauri,17.0,86.635,True,20.0,0.0,,,,17.0,0.0,,1.3340000000000032
2023,17,SAR,Williams,15.0,86.21,True,19.0,0.0,,,,18.0,0.0,2.7748873851023204,0.5030000000000001
2023,17,HAM,Mercedes,3.0,84.305,True,5.0,4.0,,,,19.0,0.0,1.30384048104053,0.08600000000001273
2023,17,SAI,Ferrari,12.0,85.328,True,6.0,3.0,,,,20.0,0.0,7.085195833567341,0.9039999999999964
2023,18,VER,Red Bull,6.0,95.081,True,1.0,8.0,,,,1.0,25.0,1.7888543819998317,-0.09199999999999875
2023,18,NOR,McLaren,2.0,94.853,True,4.0,5.0,,,,2.0,18.0,2.880972058177586,-0.6140000000000043
2023,18,SAI,Ferrari,4.0,94.945,True,6.0,3.0,,,,3.0,15.0,7.516648189186455,0.2219999999999942
2023,18,PER,Red Bull,9.0,95.173,True,5.0,4.0,,,,4.0,12.0,6.618156843109719,0.09199999999999875
2023,18,RUS,Mercedes,5.0,95.079,True,8.0,1.0,,,,5.0,10.0,6.220932405998315,0.21699999999999875
2023,18,GAS,Alpine F1 Team,7.0,95.089,True,7.0,2.0,,,,6.0,8.0,4.764451699828638,-0.06499999999999773
2023,18,STR,Aston Martin,20.0,96.589,True,20.0,0.0,,,,7.0,6.0,4.08656334834051,0.32099999999999795
2023,18,TSU,AlphaTauri,11.0,95.697,True,14.0,0.0,,,,8.0,5.0,3.271085446759226,-0.277000000000001
2023,18,ALB,Williams,15.0,96.315,True,9.0,0.0,,,,9.0,2.0,3.674234614174767,-0.5120000000000005
2023,18,SAR,Williams,16.0,96.827,True,19.0,0.0,,,,10.0,1.0,2.8809720581775857,0.5120000000000005
2023,18,HUL,Haas F1 Team,18.0,96.235,True,15.0,0.0,,,,11.0,0.0,2.0736441353327733,0.355000000000004
2023,18,BOT,Alfa Romeo,13.0,95.858,True,16.0,0.0,,,,12.0,0.0,4.919349550499537,0.1600000000000108
2023,18,ZHO,Alfa Romeo,12.0,95.698,True,17.0,0.0,,,,13.0,0.0,3.271085446759225,-0.1600000000000108
2023,18,MAG,Haas F1 Team,17.0,95.88,True,18.0,0.0,,,,14.0,0.0,2.9664793948382644,-0.355000000000004
2023,18,RIC,AlphaTauri,14.0,95.974,True,12.0,0.0,,,,15.0,0.0,,0.277000000000001
2023,18,ALO,Aston Martin,19.0,96.268,True,13.0,0.0,,,,16.0,0.0,4.743416490252569,-0.32099999999999795
2023,18,PIA,McLaren,10.0,95.467,True,10.0,0.0,,,,17.0,0.0,4.159326868617084,0.6140000000000043
2023,18,OCO,Alpine F1 Team,8.0,95.154,True,11.0,0.0,,,,18.0,0.0,5.504543577809153,0.06499999999999773
2023,18,HAM,Mercedes,3.0,94.862,True,2.0,7.0,,,,19.0,0.0,6.379655163094632,-0.21699999999999875
2023,18,LEC,Ferrari,1.0,94.723,True,3.0,6.0,,,,20.0,0.0,6.610597552415364,-0.2219999999999942
2023,19,VER,Red Bull,3.0,77.263,False,,0.0,,,,1.0,25.0,1.7888543819998317,-0.1599999999999966
2023,19,HAM,Mercedes,6.0,77.454,False,,0.0,,,,2.0,19.0,7.92464510246358,-0.22000000000001307
2023,19,LEC,Ferrari,1.0,77.166,False,,0.0,,,,3.0,15.0,7.05691150575094,-0.06700000000000728
2023,19,SAI,Ferrari,2.0,77.233,False,,0.0,,,,4.0,12.0,7.700649323271382,0.06700000000000728
2023,19,NOR,McLaren,17.0,81.554,False,,0.0,,,,5.0,10.0,2.6076809620810586,3.9309999999999974
2023,19,RUS,Mercedes,8.0,77.674,False,,0.0,,,,6.0,8.0,4.9295030175464944,0.22000000000001307
2023,19,RIC,AlphaTauri,4.0,77.382,False,,0.0,,,,7.0,6.0,,-1.5079999999999956
2023,19,PIA,McLaren,7.0,77.623,False,,0.0,,,,8.0,4.0,6.300793600809346,-3.9309999999999974
2023,19,ALB,Williams,14.0,79.147,False,,0.0,,,,9.0,2.0,3.4928498393145957,
2023,19,OCO,Alpine F1 Team,15.0,79.08,False,,0.0,,,,10.0,1.0,5.718391382198319,0.5589999999999975
2023,19,GAS,Alpine F1 Team,11.0,78.521,False,,0.0,,,,11.0,0.0,3.898717737923586,-0.5589999999999975
2023,19,TSU,AlphaTauri,18.0,78.89,False,,0.0,,,,12.0,0.0,4.969909455915671,1.5079999999999956
2023,19,HUL,Haas F1 Team,12.0,78.524,False,,0.0,,,,13.0,0.0,2.387467277262665,-0.6389999999999958
2023,19,ZHO,Alfa Romeo,10.0,78.05,False,,0.0,,,,14.0,0.0,1.9235384061671337,0.018000000000000682
2023,19,BOT,Alfa Romeo,9.0,78.032,False,,0.0,,,,15.0,0.0,4.979959839195493,-0.018000000000000682
2023,19,SAR,Williams,19.0,,False,,0.0,,,,16.0,0.0,3.2093613071762404,
2023,19,STR,Aston Martin,0.0,79.227,False,,0.0,,,,17.0,0.0,5.319774431308155,0.4890000000000043
2023,19,ALO,Aston Martin,13.0,78.738,False,,0.0,,,,18.0,0.0,4.43846820423443,-0.4890000000000043
2023,19,MAG,Haas F1 Team,16.0,79.163,False,,0.0,,,,19.0,0.0,2.8635642126552696,0.6389999999999958
2023,19,PER,Red Bull,5.0,77.423,False,,0.0,,,,20.0,0.0,6.618156843109719,0.1599999999999966
2023,20,VER,Red Bull,1.0,70.727,True,1.0,8.0,,,,1.0,25.0,1.7888543819998317,-1.593999999999994
2023,20,NOR,McLaren,6.0,71.987,True,2.0,7.0,,,,2.0,19.0,1.303840481040528,1.6569999999999965
2023,20,ALO,Aston Martin,4.0,71.387,True,11.0,0.0,,,,3.0,15.0,5.272570530585627,0.043000000000006366
2023,20,PER,Red Bull,9.0,72.321,True,3.0,6.0,,,,4.0,12.0,7.014271166700073,1.593999999999994
2023,20,STR,Aston Martin,3.0,71.344,True,12.0,0.0,,,,5.0,10.0,5.412947441089743,-0.043000000000006366
2023,20,SAI,Ferrari,7.0,71.989,True,8.0,1.0,,,,6.0,8.0,7.5960516059331775,0.9680000000000035
2023,20,GAS,Alpine F1 Team,15.0,70.567,True,13.0,0.0,,,,7.0,6.0,2.8284271247461903,0.0049999999999954525
2023,20,HAM,Mercedes,5.0,71.469,True,7.0,2.0,,,,8.0,4.0,8.648699324175862,-0.12100000000000932
2023,20,TSU,AlphaTauri,16.0,70.837,True,6.0,3.0,,,,9.0,2.0,4.08656334834051,-0.006000000000000227
2023,20,OCO,Alpine F1 Team,14.0,70.562,True,14.0,0.0,,,,10.0,1.0,5.224940191045252,-0.0049999999999954525
2023,20,SAR,Williams,19.0,71.035,True,20.0,0.0,,,,11.0,0.0,3.1622776601683777,0.19499999999999318
2023,20,HUL,Haas F1 Team,11.0,70.547,True,18.0,0.0,,,,12.0,0.0,1.8165902124584956,-0.17600000000000193
2023,20,RIC,AlphaTauri,17.0,70.843,True,9.0,0.0,,,,13.0,0.0,,0.006000000000000227
2023,20,PIA,McLaren,10.0,70.33,True,10.0,0.0,,,,14.0,0.0,5.941380311005179,-1.6569999999999965
2023,20,RUS,Mercedes,8.0,71.59,True,4.0,5.0,,,,15.0,0.0,4.827007354458867,0.12100000000000932
2023,20,BOT,Alfa Romeo,18.0,70.955,True,19.0,0.0,,,,16.0,0.0,4.61519230368573,-0.3200000000000074
2023,20,ZHO,Alfa Romeo,20.0,71.275,True,17.0,0.0,,,,17.0,0.0,1.9235384061671337,0.3200000000000074
2023,20,MAG,Haas F1 Team,12.0,70.723,True,16.0,0.0,,,,18.0,0.0,3.2093613071762417,0.17600000000000193
2023,20,ALB,Williams,13.0,70.84,True,15.0,0.0,,,,19.0,0.0,2.966479394838265,-0.19499999999999318
2023,20,LEC,Ferrari,2.0,71.021,True,5.0,4.0,,,,20.0,0.0,7.19027120489902,-0.9680000000000035
2023,21,VER,Red Bull,2.0,,False,,0.0,,,,1.0,25.0,0.0,
2023,21,LEC,Ferrari,1.0,,False,,0.0,,,,2.0,18.0,8.792041856133306,
2023,21,PER,Red Bull,11.0,,False,,0.0,,,,3.0,15.0,7.797435475847171,
2023,21,OCO,Alpine F1 Team,16.0,,False,,0.0,,,,4.0,12.0,4.207136793592525,
2023,21,STR,Aston Martin,19.0,,False,,0.0,,,,5.0,10.0,5.813776741499454,
2023,21,SAI,Ferrari,12.0,,False,,0.0,,,,6.0,8.0,6.942621983083914,
2023,21,HAM,Mercedes,10.0,,False,,0.0,,,,7.0,6.0,7.956129712366434,
2023,21,RUS,Mercedes,3.0,,False,,0.0,,,,8.0,4.0,4.393176527297758,
2023,21,ALO,Aston Martin,9.0,,False,,0.0,,,,9.0,2.0,6.496152707564686,
2023,21,PIA,McLaren,18.0,,False,,0.0,,,,10.0,2.0,6.610597552415364,
2023,21,GAS,Alpine F1 Team,4.0,,False,,0.0,,,,11.0,0.0,2.5884358211089573,
2023,21,ALB,Williams,5.0,,False,,0.0,,,,12.0,0.0,4.381780460041329,
2023,21,MAG,Haas F1 Team,8.0,,False,,0.0,,,,13.0,0.0,2.345207879911713,
2023,21,RIC,AlphaTauri,14.0,,False,,0.0,,,,14.0,0.0,3.4928498393145957,
2023,21,ZHO,Alfa Romeo,17.0,,False,,0.0,,,,15.0,0.0,2.86356421265527,
2023,21,SAR,Williams,6.0,,False,,0.0,,,,16.0,0.0,3.6469165057620923,
2023,21,BOT,Alfa Romeo,7.0,,False,,0.0,,,,17.0,0.0,4.4944410108488455,
2023,21,TSU,AlphaTauri,20.0,,False,,0.0,,,,18.0,0.0,2.7748873851023217,
2023,21,HUL,Haas F1 Team,13.0,,False,,0.0,,,,19.0,0.0,1.923538406167135,
2023,21,NOR,McLaren,15.0,,False,,0.0,,,,20.0,0.0,1.303840481040528,
